{"cameraMode":{"drawMode":0,"name":"Shaded","section":"Shading Mode"},"sceneLighting":true,"audioPlay":false,"sceneViewState":{"showFog":true,"showMaterialUpdate":false,"showSkybox":true,"showFlares":true,"showImageEffects":true,"showParticleSystems":true},"in2DMode":false,"pivot":{"x":-4.320000171661377,"y":2.691999912261963,"z":-6.300000190734863},"rotation":{"x":0.0464831106364727,"y":0.0008974283118732274,"z":-0.000041834711737465113,"w":0.9989159107208252},"size":0.9618030786514282,"orthographic":true}